Description,SKU,Price,Info 1,Info 2,Image URL,Image Link
"Full Hood, Fender and Mirror Kit",P2502NH-UUSD,"$1,057.98",,,https://www.xpel.com/product-images/P2502NH-U_00.gif,https://www.xpel.com/Full-Hood-Fender-and-Mirror-Kit-ULTIMATE-PLUS_82
"Hood, Fender and Mirror Kit",P2507-UUSD,$124.33,,,https://www.xpel.com/secure/img/no_image_available.jpeg,https://www.xpel.com/Hood-Fender-and-Mirror-Kit-ULTIMATE-PLUS_160
Rear Wheel Impact Area kit,P2507C-UUSD,$54.03,,,https://www.xpel.com/secure/img/no_image_available.jpeg,https://www.xpel.com/Rear-Wheel-Impact-Area-kit-ULTIMATE-PLUS
Bumper Kit,P2507B-UUSD,$156.78,,,https://www.xpel.com/secure/img/no_image_available.jpeg,https://www.xpel.com/Bumper-kit-ULTIMATE-PLUS_3
Fog Lamp Kit,H2510-P-UUSD,$10.76,,,https://www.xpel.com/secure/img/no_image_available.jpeg,https://www.xpel.com/Fog-Lamp-Kit-ULTIMATE-PLUS
Fog Lamp Kit ( XUPL),H2510-P-XUPLUSD,$11.39,,,https://www.xpel.com/secure/img/no_image_available.jpeg,https://www.xpel.com/Fog-Lamp-Kit-ULTIMATE-PLUS-XUPL
Bumper Kit,P2502ZY-UUSD,$314.17,with headlamp washers,,https://www.xpel.com/product-images/P2502ZY-U_00.gif,https://www.xpel.com/Bumper-Kit-ULTIMATE-PLUS_4859
Bumper Kit,P2502ZZ-UUSD,$314.17,without headlamp washers,,https://www.xpel.com/product-images/P2502ZZ-U_00.gif,https://www.xpel.com/Bumper-Kit-ULTIMATE-PLUS_4860
Headlamp Kit,H2500-P-UUSD,$20.40,,,https://www.xpel.com/product-images/H2500-P-U_00.gif,https://www.xpel.com/Headlamp-Kit-ULTIMATE-PLUS_100
Headlamp Kit ( XUPL),H2500-P-XUPLUSD,$23.87,,,https://www.xpel.com/product-images/H2500-P-XUPL_00.gif,https://www.xpel.com/Headlamp-Kit-ULTIMATE-PLUS-XUPL_248
Rear Wheel Impact Area Kit,P2503R-UUSD,$96.63,extended coverage,,https://www.xpel.com/product-images/P2503R-U_00.gif,https://www.xpel.com/Rear-Wheel-Impact-Area-Kit-ULTIMATE-PLUS_193
Wheel Opening Kit,P2503S-UUSD,$71.64,,,https://www.xpel.com/product-images/P2503S-U_00.gif,https://www.xpel.com/Wheel-Opening-Kit-ULTIMATE-PLUS_83
